track_id;track_name;query
0017A6SJgTbfQVU2EtsPNo;"Pangarap";"ang iyong mga ngiti na sa akin ay"
004s3t0ONYlzxII9PLgU6z;"I Feel Alive";"and at 6 i kissed your lips and"
00chLpzhgVjxs1zKC9UScL;"Poison";"night i played the wall checkin out the fellas the"
00cqd6ZsSkLZqGMlQCR0Zo;"Baby It's Cold Outside (feat. Christina Aguilera)";"you see how can you do this thing to me theres bound to"
00emjlCv9azBN0fzuuyLqy;"Dumb Litty";"a thing 욕을 하는 이윤 다"
00f9VGHfQhAHMCQ2bSjg3D;"Soldier";"but ill fight through our darkest of days"
00FROhC5g4iJdax5US8jRr;"Satisfy You";"for you cause i simply adore"
00GfGwzlSB8DoA0cDP2Eit;"Tender Lover";"go love has no limit if you believe in love itll open up so"
00Gu3RMpDW2vO9PjlMVFDL;"Hide Away (feat. Envy Monroe)";"be your hideaway we our lovers til the"
00GxbkrW4m1Tac5xySEJ4M;"Ti volevo dedicare (feat. J-AX & Boomdabash)";"il conto delle ore ti volevo dedicare quello che provo e non"
00hdjyXt6MohKnCyDmhxOL;"Una Vaina Loca";"he sentido nada como eto en mi vida ella"
00HIh9mVUQQAycsQiciWsh;"Limestone";"take till you grow tired hunting for the one that got away"
00i0O74dXdaKKdCrqHnfXm;"La Mordidita";"destila tequila y miel si dios puso la manzana"
00i2HU7TEzzftShjRrDSEF;"Changes";"kill each other it takes skill to be real time to heal each"
00Ia46AgCNfnXjzgH8PIKH;"Latina (feat. Maluma)";"más bella más fina hay más feelin más dura y más"
00ITtxUozN0vifE2uYvtqn;"Let Me Entertain You - Remastered 2011";"you if you wanna see some action you get nothing but the"
00LfFm08VWeZwB0Zlm24AT;"Suga Suga";"feeling so gifted sugar how you get"
00lNx0OcTJrS3MKHcB80HY;"You Don't Know Me - Radio Edit";"like you know me nana"
00NAQYOP4AmWR549nnYJZu;"Secrets";"i hear the secrets that you keep keep keep when"
00nvL9u5K8jEJ6TSxGdtPK;"Me Enamoré";"pero tengo que confesarteque me muero por besarte me tienes loco y no"
00OKDIsSQbx8rd5Al7fKNw;"Stand Out - From "How to Build a Better Boy"";"stand stand out stand out oh oh oh oh stand out oh oh"
00p85inzGeXRXgqDVn7Ftq;"Laps";"you send the shooters and we sendin"
00PLtXXER1XcTRZvs3LioS;"Get The Funk Out Ma Face";"face get the funk out ma face get"
00ppj2gGs8oxhGnTdejkzD;"Ooh";"ooh ooh if youre ready go"
00PXizG9xlUNINeqADlh96;"La Vida Es Una (feat. Pitbull)";"loca yo veo que tu quiere trago dale abre la boca vamos vivir la"
00qOE7OjRl0BpYiCiweZB2;"Juke Box Hero";"a heavy downpour thought he passed his own shadow by the backstage door like a"
00QyLmjxaSEE8qIZQjBXBj;"We Own It (Fast & Furious)";"what you say working hard reppin for my"
00ReeHCY0FQUyuAUyPJdnk;"Ain't No Future In Yo' Frontin'";"this sound hard somethin funky"
00Ro1lnV3V6i87aY4t8Q43;"La rebelion";"negra no no no no no"
00S35gEf40z03JTJgvQMqi;"It's You - Radio Edit";"was a blessing i know"
00SmB7n85SKROGjybsyq5i;"Bongo Bong";"im bangin on my boogie"
00UpV14MDfk4CvrMbFvqji;"It Won't Stop (feat. Chris Brown) - Julian Calor Remix";"wont stop boom boom booooomm and it wont stop boom boom"
00vHOSgvVfyLzhlTZIJo1m;"Full Moon";"다시 만날 수 있게 날 매일 꿈에서 그려줘 파랗게"
00WIXhVVhswHuS6dlkScuw;"Hot";"you like what you see oh baby take a look at me cuz"
00X2yv2vrtritPt2CZnUTZ;"Bené";"taimes pas ta copine veut nous"
00YeYHw6zhoy1y7EPTgIkj;"Shine - Kygo Remix";"your back now turn around and dont be sad i hope you"
00Z0GIRi0l7WqQnQJCo5S2;"Don't Let It Break Your Heart - Single Edit";"kill you even when it hurts like hell oh whatever tears you"
011gUcrvLDn2gEApOdOhVe;"Been A While";"could i let you go havent seen you round"
012mGdSYIBEmERuScm2iOl;"Santa Claus Is Coming To Town";"claus is comin to town woo hoo woo"
014J7jX1wSv0manSdRnveo;"Dancing On My Own - Tiësto Remix";"the guy youre taking home ooh i keep dancing on my own and oh nah"
014V6u9VubefjaPPl1QkTJ;"Phenomenal";"yeah i dont try like hell then i might as well hang"
01auWCuHXubb8KPZ0IXF4S;"Get Get Down - Radio Edit";"down down dodown now geget"
01Bw3xiZ5PQfn0btMWICaQ;"Beautiful Life";"follow its a beautiful beautiful life beautiful beautiful life beautiful beautiful life with you"
01bWQ4TPGmsP6FS64nF4R9;"Suave";"bent suave dans met mij mn nek is filled with diamonds nacht is jong ja"
01BXNQilWpOZxGLU9c12Iy;"Pegao";"pegao pegao y el mahon bien apretao bien pegao pegao pegao ehh se le"
01DSvNTUsVROjnSF5j3UbD;"Try";"eh eh eh funny how the heart can be deceiving more than"
01FBBpA6WBl3arX7pxTFwO;"Not To Much - Remastered 2016";"dije que cuando me miro a mire que cuando se toco me toque y"
01IQ4aQgOf0Kkq3a273hmO;"Funky Friday";"told him the plate tell a peng girl you can"
01iyINEYgPQ7ThMZuHUsqS;"First Love";"like first love im gonna give it im gonna give it im gonna i cant"
01kmEgrTZAGvJNicVB7laT;"Alone";"the cold again i feel the cold i feel alone again"
01LODLnhlfNphZ366BqKc0;"Now That We're Dead";"fighting for when kingdom comes may it be we walk right"
01Lr5YepbgjXAWR9iOEyH1;"Love Sosa";"boys you gon get fucked over raris and rovers these hoes love chief"
01M4Wng6jF5uoNEHLl2OIn;"Mama Knew Love";"very first day u gave me a piece of"
01nV5tQ4pCpKIIJ3AVxKdv;"Generé";"que toco loco yo ocupo el"
01q4ccXbvPlCwZ1fPiFaeM;"Girlfriend in a Coma - 2011 Remaster";" its serious girlfriend in a coma i"
01Qb6dN5suQNu87VJ1mIpf;"Did It Again";"the winnin niggas you gon lose i dont"
01QhVHvkGqzO861Kl3GhfX;"I'll Be All You'll Ever Need";"users have visited this page sponsored"
01R0Xdwje645C6xFCnMRvm;"Talk Dirty To Me";"you know that i can hardly wait just to see you and i know"
01TzbTwZ9Mce9mOeBpH03i;"Goodbye Love";"guess you knew we blew a good thing yeah yeah cause"
01vv2AjxgP4uUyb8waYO5Y;"Morph";"else im just a ghost ill morph to"
01wavOnjFBNgdMWBFYIAP4;"50 Vezes - Ao Vivo";"tô sentindo falta das 50 vezes que"
01XFgRZfZI7oBagNf1Loml;"Harlem Shake";"tas tas tas then do the harlem shake shake ey shake con"
020mPSviVz90DTlyfxofDJ;"Always Gonna Say Sorry";"pretend oh its just not worth it no longer fall back and"
020wG4EHTwBy5h2rbpxqvK;"SUPREME - L'ego (feat. tha Supreme & Sfera Ebbasta)";"io mimbarazzo se ripenso che a sa scuola avevo la lean nel"
02138lFv3Bzncr6ScNbLAF;"Rattle Your Cage";"and over and over again well i wanna cause everything"
023OVLNzXhX0j7CxswUt6D;"Cheerleader - Felix Jaehn Remix Radio Edit";"i found myself a cheerleader she is"
027h5P3kCyktHv9dpHUBBS;"Why Don't You Get A Job";"hates that dick she tells me"
027VSEVC8RRjUXLEJAzhH6;"On the Back of Your Neck";"lightning in the little spoon beyond a shadow"
02803el8p3mKqcJzJ3Agpp;"WhatWasThat";"the waves crash down and you"
028JxheELfIvvY4zBXuMjw;"Heartless (feat. Mustard)";"i fell in love with dollar signs wont let my mind forget"
029QP3fFtLaW9B9RKr8DAg;"Say My Name";"seen you would prolly fiend for a taste for"
02AT1Z0nscuElXMWBEzEKu;"Paint My Love - 2014 Remastered Version";"the freedom of a thousand doves baby you should paint"
02BDSCfu9jBYvJ8LkUVttD;"Hi Life";"grabs come off your slab cause"
02bTIMbUm8Zgt0cVAiexE4;"This Is Our Time";"yours and its mine this is our time yours"
02CygBCQOIyEuhNZqHHcNx;"It Runs Through Me";"bring clarity running through me i love the way it sings"
02DoXNeIVYvONhTk1fGQrz;"Nothing Really Matters - Afrojack Remix";"breathe her every time i"
02DurCgOvDdX0uKEjqcl3W;"Who Are You";"ooh wa ooh wa ooh wa ooh ooh wa ooh"
02eF5vF3ASltFpWHDVWkdQ;"I Want You To Want Me";"didnt i didnt i see"
02gIQlGYI0KVK87Uo9Ekjj;"I Heard It Through The Grapevine - Single Version";"and im just about to lose my mind honey honey"
02gV5Zc9ctbZxD1uTNIok5;"Without You - Remastered";"eyes your sorrow shows yes it shows cant live if living is without you"
02GwPAncasVL82yC7y2hmN;"Raise Up";"the beginning been wit me even fore they knew what bein with me was yall"
02H05NlKnwFQREf0qu89AL;"Compound";"thought they had the guy"
02jcEwywffn3Tsb48fXmlW;"Get the Party Started";"comin im comin up so you better get this party started pumping"
02jdttpwvUBvKdzHkoL644;"Stray Lines";"can keep baby im cautious im all out of options"
02K5IV55wIgNNARk3UA95E;"Paloma Negra";"donde me aseguran mis amigos que te vas hay"
02kdNcUqZRgXwQiYr92gZW;"On Fire";"me fortunately you take me higher the"
02lGHA7bFFplYLihnUWTx8;"Tequila";"vez las ganas de llamarte me van a"
02LnwwnaanFpM5dZNArPBb;"Ella Se Fue";"te seguire amando ella se fue aún me acuerdo cuando te deje ahora se"
02lvTeAFIIsOd0wVNoRkQ5;"Who Needs You - Remastered 2011";"you ever give in taking one step forward slipping"
02M6vucOvmRfMxTXDUwRXu;"7/11";"it smack it in the air wave your hands side"
02MjAy2BTPTdqO19O5VtHO;"Getting Away With Murder";"tell the truth but the reality is im getting away with murder"
02mJtllR8CoskckLlrirNV;"Smile - Years Remix";"dont know anything at all so smile cause you aint got nothing"
02pf9lLM8Nb8l4u4ts1GWb;"My Nigga";"nigga if a nigga talkin shit"
02PiwfcW4LuKxhDi3JfH01;"Don't Look Down (feat. Blake Young)";"go nowhere but up from here always keep your head"
02q7qbOYbE89NMFEtOklcc;"Unity";"to the back front to the back front to"
02Qo5DFgoGTiBGo4ZUvjXm;"pete davidson";"happy happy ima be happy happy ima be happy happy yeah"
02rbSCTm2smTIZ6d8im2NP;"This Is How We Party (with Icona Pop)";"dont know how it started you cant"
02SUyCzxfqllXeEUqVNMVv;"Tokyo";"out of sight im out of my mind youre out of my reach"
02tvc9CFnTyHuSRlGeNv9w;"Corduroy Dreams";"and i can lay here"
02uRToy7bttYcKCO3vIStA;"Hit That Jive";"got time to shake your hand hit that jive jack put it in your"
02UYYPOGSBXxGEMce927XV;"Nobody (feat. Athena Cage) - Single Version; 2007 Remaster";"do place no one above you oh yes i do if"
02WVK9TPtjSOcmy9cDkd5D;"Go to Hell";"refusing to act your age for all"
02XnQdf7sipaKBBHixz3Zp;"Paparazzi";"stop until that boy is mine baby youll"
02Y5MRZD7AsElSRxsQtQzw;"Jet Airliner - Remastered 2017";"get rich you know i might get busted but my heart keeps calling"
02Yq8TMuecXONAjkORNJNM;"Say It";"it like that oh oh oh"
0363w3IUcO4cJMsAFLpfLY;"Faith - Radio Edit";"a golden gate the door to"
036GQb6SETOJJG8BxJTNxc;"Chloe (You're the One I Want)";"dont make her better oohooh you got my heart and"
037yW9RzsLze4OmBYmcH4G;"Save My Night - BlasterJaxx Remix";"soul the beat save my life tonight the dj save my night save"
038k4V2bjaAQsfpYV7V9WP;"Where I Won't Be Found";"i feel the sun i"
03a359wbiUsjN9h6yzXvmS;"She Don't Give a Fo";"fo she dont give a"
03b1NUHnoavfpLLKcEMfIb;"Go Getta";"kells yeah 8732 what it do nigga haha thats right"
03ejfFAbwrrANbH4fZzF0W;"melancholyism.";"it bymyself or play it in the room cause ive nothing left to"
03GzYByXsXHcoEAxjsWv9G;"Slow Motion";"i do come over here  get a little bit closer to"
03jdl5GTBhKsgB1Yw8mVPh;"In Between";"everybody gets high everybody gets low life can be"
03LhreaNy6FWQxSxTX9u9H;"Watch Me Dance";"my dreams ill make you appear as we"
03nYlT73VrrZdiw3ZaTuti;"Baila Conmigo";"conmigo echa pa acá no quiero ser"
03PpdID0NKPVUrRtHybsE1;"California";"hots glass houses in linnwood see"
03ShCBJrWXSp3vogMeCIxz;"Switch";"we switch just like this takin our takin our turns til"
03sno6MIkoVX5eC4pRKMzr;"Stranger";"breathe its cold just dont need it face down cant see its cold"
03SrVtN1UcstvinRAjrfff;"How Ya Like Me Now - Longer Version";"youre scared to even meet me my words the"
03taJRQ6nyzYWac6HDysMh;"Hoops - Acoustic";"love ive seen all your faces its not love its not love wouldnt"
03teNQu8rWlFnNzF1ULXIq;"Starstruck";"alright ohoh yeah ohoh starstruck ohoh yeah ohoh yeah"
03tqyYWC9Um2ZqU0ZN849H;"No Hands (feat. Roscoe Dash & Wale)";"yeah blow it fuck it i dont care"
03vri3F9DxZ5QVZ5LWsgn1;"CAN YOU HEAR ME NOW?";"quiet and youre lonely wishing you could hold me ohoh can"
03wOwEbTS3JR2Y2U0TxkFx;"Encanto";"un amor tan real real que por más lejos que vayas siento que te"
03WsrEB8eyCeUfvRxGP5JX;"Down 4 Whateva";"really no so all i wanna know"
03yOjwHoOPDlTUg0NRxN6t;"Cemetry Gates - 2011 Remaster";"day so lets go where were wanted and i meet you at the"
03yUFstSdQheHSdqQRWlmr;"I Don't Wanna";"now lately it feels like i mean i feel"
03ZDwfZKhjHLqk9tIzd2KB;"Die To Live";"we die to live we know about the law but that wont get us"
03ZIYIkSXFEe8eKeG6qzE8;"The Air Near My Fingers";"is not a man until he makes a stand well im not a genius but"
03zYFtluA21jFWQVPMbUYO;"Only for the Weak";"sympathy the misery that is me sell me the infection it is only for"
042wd4CrF4WTAwiKs0F7Ve;"First World Problemz / Nobody Carez";"with some good friends i dont even know where the day went"
044fQJmT2fZUYcA3BnaOL2;"I Can't Wait";"you call me on the telephone i cant wait"
044qU7kwVZaDwzWnRsmVVL;"I Dare You";"i get chills hearts rate multiplies im on a"
045sp2JToyTaaKyXkGejPy;"Fake Plastic Trees";"wears him out it wears she looks like the real thing"
047fCsbO4NdmwCBn8pcUXl;"Marvins Room";"better tell me have you heard that lately im"
049NJ23pZOBKj9GNJUgd60;"Beautiful Trauma - MOTi Remix";"oh my drug my love my love"
04aAxqtGp5pv12UXAg4pkq;"Centuries";"for centuries hey hey hey remember me for centuries weve been here"
04b5l1WOlEonBLK2qTZrUV;"Dancewitme";"way you groove but dont you know"
04BZvpVvpJKPWXVfnWr6a3;"Grateful (Neon Feather Remix)";"are faithful faithful lord im grateful for you cause of"
04EMkFMFkTaxWciZvxjkVT;"Fvck Luv";"e la mañana culpa de esa pastilla con"
04g1aQFzaegB7ovWaMMIzz;"Congratulations - Don Diablo VIP Mix";"little broken but ive got my eyes wide open im gonna say it"
04Glred2wGdSNH11Qh4EDe;"This Is Love";"is love that im feeling this is love this"
04gQHzS8FLPoNdnRKw4jDJ;"Wow, I'm Not Crazy";"yeah im not sick im"
04gYIUXKUVY2bZhawtyxD0;"Where Angels Fear To Tread - Single Version";"here to stand myground doyou wanna knowhow never surrender thats the way iam you wish"
04hFLMBiGOrTeuZBVnCGhh;"Northern Sky (feat. Kb)";"still roll out no marketing"
04i2uLdBAfCSYjQzZqspDa;"Jungli Sher";"ki kahani mein only truth i will seek khiladi"
04JbHAAn3uqbfnx6ptFyaK;"No Rest for the Wicked - Robin Schulz Remix Edit";"another so only one life cant be"
04JmxH2IpgpIeZdbYswRq1;"Azzlack Harami";"regieren für jeden der krieg will glaub mir wir schießen azzlackharami hamad 45 milonair"
04KsMCb9PZE2S0AtUU8Jhb;"April Showers";"outdoor paradise for two march winds and april showers make way"
04KTF78FFg8sOHC1BADqbY;"Hot In Herre";"a little bit of ah ah let it hang all out with a"
04MKRNwoX7TqQkA0ZrtMbC;"Rearranged";"acting like life is a motherfucking game already late"
04MLEeAMuV9IlHEsD8vF6A;"No Stylist";"stylist no stylist stylist new chanel saint laurent gucci bag huh"
04MNKrAnzrHDUzuXAtNoLr;"Live And Let Die";"cry say live and let die live"
04o1cc3SZKXhAGFugDUHMx;"Ocean Drive - Michael Calfan Remix";"love but its never enough nah i wish"
04pjfS3YIK6gXjxi1zHeZa;"Legends Never Die (feat. Against the Current)";"never die they become a part of you every time you bleed"
04Rz403IY7QUqgfrTWX6OU;"Da Graveyard";"peel a punks cap back and"
04sN26COy28wTXYj3dMoiZ;"Bored";"what makes you sure youre all i need forget about"
04so2YoeEkrKTfmgoYRmvw;"Lying We're Fine";"tough when faced with time we waste our lives lying were fine we step"
04VArZKHm1xesMxqnsutDY;"I'm Dreamin'";"of love come true dont wake me im dreaming girl dont wake me dont"
04xhIz4DiBGDECn7kIFodv;"This World Is Sick";"deep inside you i dont see i dont"
04XOESV0aVnKMlUU1NhIG1;"Nevermore - Remastered 2011";"of nevermore even the valleys below where the rays of"
04xWapbcBAgNWGHGdhcxoR;"Certainly - Flipped It";"me the time no the world"
04Z8OXrOr1dCPd741ucXLQ;"Don't You Want Me";"you were the one eyes so deep you sent me melting and then"
04ZTP5KsCypmtCmQg5tH9R;"I'm a Mess";"im a mess for your love it aint new nobody shows"
050ud0e5cmIYjmXplDugVQ;"Ready Set (feat. Big Sean)";"been through yeah its a celebration ayy cause we made it"
05520pV0mf7miCgs08FB2f;"Roll With Me (feat. Shungudzo) - Friend Within Remix";"win the lottery so you better ask permission if you wanna roll with"
0561ZV0uaJYEOPTa5jCiqg;"Moved On";"who we used to be only"
056uvAVDFOa7kv9idKPpf0;"I See Your Smile";"enough to light my life"
058LC5qOG4VDaa4scqYc6v;"Motownphilly";"we can get down we are ready to roll so now the world will"
059bcIhyc2SBwm6sw2AZzd;"Te Vi";"gustaba cuando te reía me encantaba y yo"
059seYDUmCUfv4KsB5Jc6H;"Goodness Gracious - The Chainsmokers Extended Remix";"tight goodness gracious i cant seem to stop calling"
05bXOQTUxou0BaZ6XteJo0;"Krantenwijk";"doezoe werd wakker met een ton en"
05CwHjIk71RXVU40boRMnR;"Call You Mine";"for the rest of your life and i said i dont even know what im"
05dL7chWJaVjMJnGO1YCKk;"Untouchable";"all well stay well stay untouchable time is slipping"
05DOYX9MB5oUQbr6RPa6dH;"Déjame Volar";"soy un joven tumbado sólo déjame volar soy un joven tumbado sólo"
05hXrqBkWkAdl4kG0iNksE;"Feel Me (feat. Kanye West)";"dress shirt top shotta put the pressure jamaican"
05iMQqncVBIm4AE26EvaTL;"Andar Conmigo";"hay tantos caminos por andar dime si tú quisieras andar conmigo ohohoh cuéntame sí quisieras"
05JdgtCKkZ5CoOjM5KS4EG;"Camelot (feat. Yo Gotti, BlocBoy JB & Moneybagg Yo) - Remix";"hard knocks let me take"
05KCB1XhTrdEASLYqbESny;"Nothin' But The Cavi Hit";"paper made the poverty cease"
05LCfd8s9n2teUcsTsBAnr;"Alladat";"capiche ive been this way show you how the switch"
05LvE6ySn6hEcHdAJ7N19z;"Losing It";"losing it im losing it im losing"
05mAIVLkIWc2d1UBYZBCp8;"1999";"back sing hit me baby one more time"
05MLzVoBzoe6LaBooK7Vsj;"Howling";"fell into your skin on the night you"
05mrU7mN3c1822bpY58UBC;"48H (feat. Sfera Ebbasta)";"troppo esclusiva e non volevo"
05NYcsjJwOYq4jIiKPVj9p;"Hard To Handle";"man of great experience i know you got another man but"
05oETzWbd4SI33qK2gbJfR;"Rhiannon";"wind would you stay if she promised"
05oFyvdztPdpwSwpoclD4c;"If You Leave - From "Pretty In Pink"";"said wed still be friends i touch you once i touch you twice i wont"
05P4BYqVauVxy0w9g6w2D9;"Stand By (feat. Rudimental) [#CWC19]";"be your only one dont want you"
05Q5sFIYy6KC887fLw9p1y;"Forget";"wrestled your nightmares the sweat in"
05qPqSapbaCzJAdX681R9A;"Make Me Feel Better - Klingande Remix";"you make me feel better so lets stay together you"
05R2lE5g9hnaSmxIrUl3C0;"I Adore Mi Amor";"sera realidad te quiero mucho baby te quiero mucho mi amor"
05RgAMGypEvqhNs5hPCbMS;"Panama - 2015 Remaster";"avenue model citizen zero discipline dont you know shes"
05SBRd4fXgn8FX7bf8BCAE;"I Need Your Love (feat. Ellie Goulding)";"be free with you tonight i need your"
05Sgj1Hx03ZXc57gsV1kfX;"It's Goin' Down (feat. Nitti)";"lap on the phone counting dough if a girl"
05SgVqTnF4qEMvKSGPeRSD;"Ich Binnezz";"voller funkelnder buds kapuziner mandrill unfassbar krass herz pumpt 808 wie ein untergangsbass dass"
05VHidqx1tV6V7MsCdAIby;"Lucifer";"niggas on deaths door breathing on respirators for killing my best boy haters"
05vL56xSoxthM0r7IfcQjo;"If I Ever Lose My Faith In You";"you thered be nothing left for me to do i could"
05vpswcCkiXX2egk5GBo2y;"Middle Of The Night";"keys now im fixin to break em to the"
05xA64s3UzOOmAnh9SIIjn;"Bloom";"i hope your flowers bloom i hope your flowers"
05xbEV5M8DAQmhFKKlHaDd;"Bring It On";"a motherfucking glock the rugged child is in the house im letting off shots"
05zCWOpwIUf6JY06gSL6uz;"Love Me Like You Do - From "Fifty Shades Of Grey"";"let you set the pace cause im not thinking straight my"
060AenZFpUKot40Pv0CJ0l;"I Go Blind";"its no big deal no big deal hold"
062mh4qAZyDV9dIQK70iu0;"Miss You Much";"tell you baby ill tell your mama ill tell your friends ill tell anyone whose"
064SVQsmWl5EF0zahmzkQk;"Let Your Love Flow";"grow with the smallest of dreams and"
068LmtzI6xJJDPfPnMje0U;"Let It Happen";"next train why would i do it and"
068XDWvE8tDnQsKo8J3x1Z;"Best Life";"coke by myself in the"
06b11p3gAvqqjOnku0CK9V;"Hall & Oates";"my eyes the weight is pressing down"
06BrHnTVDOydsfg0LZ6mQb;"Talk - Alle Farben Remix";"can we just talk talk about where were goin before we"
06cX5CpHPVUYnEJ2UupXXp;"Popeye";"pipe acho que eu já virei um popeye um popeye"
06dT0EYXrhRQV1MsvWhNGv;"Bad (feat. Vassy) - Radio Edit";"youre looking for oh baby here i am oh baby here i am so"
06EL94D0TA27Ik0Ke5usbj;"The Way";"adventure so let me come and"
06FhHrnpYCmIxIxIGUehxQ;"Palmar";"día siempre echados al sol oh sin tu bañador oh uh uh y echarnos"
06H5AH5KtVWbAPNuOG8biW;"No Te Quiero Perder";"enteraste de algo quealguien me fue a"
06Hdbxh6NCy6TIhjdXTchB;"Headlights (feat. Ilsey)";"i could feel the beating of your heart on drum oh dont know if"
06HUJRcD0t95ogCb2pMQJF;"Golden Years - M-Phazes Remix";"the golden years right where we"
06ILvvMXRF1iDNcmrdhSZb;"Lose Your Soul";"and a young man with so much anger caged within riding"
06iMqWThw4w8fTFyccvOwr;"Ride Wit Me";"whats witchyou you for real hey yo now that im a fly guy"
06KGsnrJI4Fd6V3rpSKDwi;"Fuoh";"head off smoking opps and im"
06ku5BBS2HufqSDVkcSR15;"Tunnel of Love (Intro: The Carousel Waltz)";"said you are the perfect stranger she said baby lets"
06KyNuuMOX1ROXRhj787tj;"We Don't Talk Anymore";"known your love was a game"
06luxtMuY4HXVpfWIK0rjw;"Russian Radio";"ever believe you radio now that weve learned to deceive you bridge there is"
06mzeP9GQNSHWd1Nh2C5FM;"MIDDLE OF THE NIGHT";"ill be on the way in the middle of night its something in"
06nmhf5qFcn3qTB0anQkpJ;"Safari";"voy a coger provecho lo que me gusta you know"
06o6dZ9ekqfEvQNRePKoZg;"i hate u, i love u (feat. olivia o'brien) - Deepend Remix";"dont want to but i cant"
06oxeUYunH85rZkj0KXMDO;"Sektion (feat. Branco & Gilli)";"godt at vi varm min bror"
06Pvy98db25O7wlfFFFIRM;"Bon Bon Chocolat";"나 나나 oh whoa 이 순간을 기다린 심장의 쿵쿵 떨림을 더 크게 외쳐"
06qKEP3ITnVPmH2ZW1zYvn;"Shotgun - Quintino Remix";"you shot me right in the face with a shotgun you shot me right"
06u5LrUpbosQlQ1QJFhPpG;"Drew Barrymore";"sorry im so clingy i dont mean"
06UXtRLTF6kdMSM3uaVCCU;"In Only Seven Days - Remastered 2011";"this could happen to me in only seven days it would take a"
06vSnlO8lrC5o69qz9fW9f;"Booty Loose (feat. Fly Boi Keno)";"booty loose that booty loose bend and make your booty loose that booty loose bend"
06WD650Zt5MQ55kFMP2f3r;"Fire Fly";"and yous a fake fuck like a fleshlight even dudes who like me straight lookin"
06WohfoFEUa5faNy8f9S5N;"Adrenalize";"it and exactly what i need im here for one drug im only"
06yHcjr58IKJnfEK7ko3sD;"Poison";"right out of your mind and steal your"
06YVA5Ajbk0Kv4ddFSEuBM;"You Really Got Me - 2004 Remaster";"dont know what im doing yeah"
06Z7Hy2LUzbcSFmWzwkun1;"With You - Frank Walker Remix";"street three kids and a big house cant believe were here now your"
06ZIzHhJFWf0mDyEylIPf0;"Peachy Keen";"im slightly scared baby lost"
06ZQwfPghgSJ2L6bXQUxO9;"Trenches";"all my life to get out of the"
072GuDuz8KUCpTOx1fDTTt;"Swish";"dont pocket your ruga i wanna see you"
073ILU1C3APNRGF66VhtyA;"Liar";"youre here or if youre not alone i dont care its been"
0745pNOxmaa0hAdq5xvrMT;"Safety (feat. DJ Snake) - Dark Heart Burn Mix";"it girl you got me spinning around and around i need"
074v54tSEWLbq3Hu5wf6uh;"The Whole World (feat. Killer Mike)";"need it for my stomach cause my tummy kinda aches like a junkie on withdrawal"
075NNuZU6IxC7Us3L7ylep;"Guardia Civil";"eh egal geb gas links rein geradeaus heb ab"
076jREnPu9sinABTfdw9Xi;"Calabria - Firebeatz Remix";"yuh di talk of di town yeah whoopwhoop when yuh run come around"
079lsExLsjditCh8XyUn0L;"Best Rapper Alive";"case sell his chain celebrate block party"
07ABETRdek3ACMpRPvQuaT;"Always on My Mind";"love hasnt died give me one"
07Agqdd4SD83JRgN19OjdW;"Magenta (prod. Auer)";"chwilę na shellu nad nami niebo"
07ANB9prOyNTWnMbDGNzdW;"Fortunate Son";"aint no fortunate one no no no it aint me it"
07bBCZ2bNs5gVlm4e7tJQ1;"Chillax";"quiero alegrías yehah alkiladoos chillax"
07CQ0ux2CwbaVN05sfG1zN;"Sleepy Eyes";"mode breaking the mold where did the rain go kiss me with your"
07CyrZF9eVd02zzIse7tZA;"In Between Days - 2006 Remaster";"was true that it couldnt be me and be her in between without you without"
07e2UjDMuFZyOiu8Xo3CwX;"Got To Get It";"im here to treat you right come on wont"
07eET3PAzpSz5CLE4wGgN5;"Inocente";"yo sé ya me contaron esas cicatrices"
07efOAoPwcRdd4W6gi8BRF;"I Wanna Sex You Up";"let me rub you down ooo i wanna sex you"
07F7zczrjCccG67nrFl3ai;"Million Years";"carried your heart in my hands you promised me that we would never grow"
07fqonJcksfEG2Fav9SDA2;"Make Believe";"agree or am i living a"
07GvNcU1WdyZJq3XxP0kZa;"Go Your Own Way - 2004 Remaster";"everythings waiting for you you can go your own way go your own way"
07HPV6hzecJmMJwsIX8YVU;"He Could Be the One";"im going crazy about him lately and i cant help myself from how my"
07idyjb93qYavu1s29HtBi;"Drop In the Ocean";"see what the earth brings and dont sweat the"
07iEoapGlHKFWWdM2YRsiy;"The Second Brightest Star";"england is dreaming of the change of the seasons the song of the hedgerow"
07ipXN6CNTw34qwSYePKpg;"Summer on You";"yeah ill pick you up after and"
07jFllpAwipdNXstXHFtHk;"Mine";"talk but i was overwhelmed"
07K9jPEoVsqoEopODxiAUs;"Living in Oblivion";"in oblivion living in oblivion lalalalalala lalalalalala in oblivion"
07KHJvlYBeQVqrmifTEqEp;"Dream On";"with me its just for today maybe tomorrow the good lord"
07KXEDMj78x68D884wgVEm;"High Fashion (feat. Mustard)";"no applause high fashion like goyard"
07L6tEZIfCX3GZAWCpGj0e;"22";"lo bueno hoy quiero vivir mis veintidós y yo te prometo no me vuelvo"
07lqfibBtpw1ud24u0uULj;"Keep Watch";"the stars the mirror in the telescope pinpoint"
07nH4ifBxUB4lZcsf44Brn;"Blame";"blame it on the night dont blame it on me dont blame it on me"
07OKKRUAmBaJDf8YGF1PD5;"Do Me Like A Drug";"drug dont ever look back at anything behind us"
07Oz5StQ7GRoygNLaXs2pd;"Good as Hell (feat. Ariana Grande) - Remix";"check my nails baby how you feelin feelin good as hell hair"
07OzC5JlcaDwEkzWmvqp6y;"Nasty";"that in that nasty car nasty boys whos that eatin that nasty food"
07pBDImHZhH5XW6xz9Wob6;"The Beard Song";"blowin in the wind quite legendary like old abe lincoln we got"
07plBjARJU1Itic3kQuV4Z;"Siempre Peligroso (feat. Fermin IV Caballero) - feat. Fermin IV Caballero of Control Machete";"vela pa la pelea cuando crees que tu ganas"
07q0QVgO56EorrSGHC48y3;"I Was Made For Lovin' You";"yeah ha na do do do"
07s9NNOT0sZQp7TyolLLgu;"Own It (feat. Ed Sheeran & Burna Boy)";"dey do me wey just dey scatter my brain ah scatter my brain thug"
07TaUxan2koUnBPPzrtU04;"Dr. Beat";"doc doc doctor beat i just dont know dont know wont"
07tOsOR7E9zW89v2FqzsdG;"Busy Earnin'";"earnin you cant get enough you think that all your"
07trtA9L3paByfzsIf6pZH;"Control";"i want control i want control"
07Tx168RSsUS1HqkDIOZbH;"Cupid Shuffle";"oh oh down down do your dance do your dance yeah yeah down down do"
07VwdDnNr05uJGgpM1IG40;"Ice";"pegao pegao knockout ok ok las pakas las cuento all day haciendo dinero"
07yM5vxBxAIXWzNqu1BnF6;"Por Contarle Los Secretos";"el que come callao come dos vece chosen few"
07zL0LP8Xt2CCM8MXA5PJh;"Lil Mama";"you wanna go dressed in saint laurent attitude so"
07zV7KJhD507OPDD0NUuj2;"Lower";"done lower than i thought wed go"
0832Tptls5YicHPGgw7ssP;"Beast Of Burden - Remastered";"on my feet but put me out put"
084ILpH20VSBeamcU7mM4K;"Drown";"to spend my time and swim out farther why did you have to let me"
085JBuPwP0YbPgc2t6Lscc;"Not Backing Down";"me now no im not backing down no im not backing down down down"
085XpQzAKm4nAfcfRp2get;"Get Free (feat. Amber Coffman)";"we could never get free i just wanna be i just wanna be look at"
086myS9r57YsLbJpU0TgK9;"Why'd You Only Call Me When You're High?";"the same shite i need a partner well are"
0871vn05d33xTvZllwVWKq;"Sass Cafe";"a man with money who came to play welcome to sass cafe where"
087B7ONFOiKkkMVmg83md0;"Hello Hello";"last night youre a problem but youre"
087zhxfoAGzPjlaGJz2CuR;"Dare You - Radio Edit";"cry i dare you to run i dare you to try i dare you"
088eGKZm5dgDxFauCEwOqp;"Real Eyes";"up beauty in disguise a glimpse of your face will be my"
08bNPGLD8AhKpnnERrAc6G;"FRIENDS";"it clear yeah i made"
08Ed6CXK8Ibk5XvLgm8g4q;"Me Myself & I";"and i so this is"
08IIDDeGMsbKnkSHTVX9Cj;"All Day All Night";"you doin bobby brown im alright"
08j5bEz5uMlE9zCFvLyaDr;"Celebration (feat. Ky-Mani Marley)";"the wind smile its where the good"
08JVaI77aIffN0wNjTOG4b;"Ready for Love - 2015 Remaster";"for love oh baby im ready for love ready for"
08Kj0lvbsqAxzeUOBYZRL6;"Good Nights (feat. Mascolo)";"or maybe i just wont call"
08MbvwVOZdMNESjkoVdXxE;"Where Do We Go";"dont know where to go and i dont know"
08mG3Y1vljYA6bvDt4Wqkj;"Back In Black";"with a bullet im a power pack yes im in a bang with a"
08o75xMKmGrKny6GsXrNJW;"Little Lies";"id rearrange just a day or two close my close my close"
08onVqQ8YicJ98Ycm1qoLf;"Urgent";"see how urgent our love can be its urgent you say its urgent make"
08oolgtQ3uYjZDXNK1VCC6;"California";"down on a 63 glock 17 and"
08PjS6opdc0vLlaf0Z7YIl;"Dogs of War";"up from you i cant stop the dogs of war i cant"
08PPWoWOXNWxWoMGSADdSq;"Say It's Gonna Rain";"for you theres only one thing id like"
08qjPXZBdEyif5PxU2AY9S;"Sway - Chainsmokers Remix";"it slowly darling this time im feeling a change stop thinking too"
08rBIlTMXlF5uEHobZglxv;"Million Pieces - M-22 Remix";"a million pieces oh it breaks my heart into a million pieces if its gonna"
08smDzfxppUCFABj6FU2Xh;"Lebensborn - Update";"cannonfodder breeded for the front little aryan pimpf is this what"
08UUpcePtj2DEgjPAQHxQT;"Triste";"siento que pierdo la juventud rezo en la noche por mi salud triste"
08V9Lvq19LbR3IlgL2AYXv;"Drop Your Love (feat. Dirty Radio)";"your lips cause you taste just like mimosas"
08vJxMYhmZu6YTWqVmLgrA;"The Hunted (feat. Sully Erna)";"falling now im the hunted im"
08XmoAjG6I2vbsONnFmDWg;"I Follow Rivers";"where i unravel be my only"
090rX2ouW974AT3dFCxJpc;"Axel F - From "Beverly Hills Cop" Soundtrack";"instrumental"
096rnp428bZTuaiKcl7bHM;"She's Long Gone";"corn her eyes are rubies and pearls and shes not made like"
098tAg0yjz9ds5oys4MAPG;"All In My Head";"look so great time for me to move on"
09CtPGIpYB4BrO8qb1RGsF;"Sorry";"go ill go and then you go you go"
09CWfcYFhVhB1Bzfz1cLJ7;"Sleep Talking";"let you sleep in might"
09dUClsKgQ2uyonfqJqeCB;"Youth (Qrion Remix) [feat. Satica]";"it got me thinking is this really real you know im about it everyday is"
09dwF4F9mJSoy5oHd2HWFg;"Nudies";"james 24hrs 20 trippin yeah dont you playin with my"
09Esxq6Hmjdw9ppzwaM7eK;"Looking Back - Walden Remix";"to stay i shouldve just stayed away stayed away i shouldve just"
09EwNbGvUyu7BDEYG0cJro;"Can't C Me";"ive gots to get moyou"
09fyn2OvOyE55zYnQnZbGY;"Let Me Roll It - Remastered 2010";"something i understand you gave me loving in"
09gFwNPx8KlrXXDTbVXGtt;"Cosmic Dark";"dark discovery youre go for apu shutdown on time cosmic"
09I1TnKW1WPtD8tnQxRtkD;"You're Makin' Me High";"lick and we can go flying into ecstasy oh darling you and me light"
09iJxFlCK7k2IJYwflXZ2m;"Ella Me Cautivo";"me pone mal muy mal show muévelo dale dale muévelo me pone"
09IStsImFySgyp0pIQdqAc;"The Middle";"losing my mind just a little"
09iWF1Hs988cmZneyLeZ2V;"News For You";"news for you yeah baby your bodys already with satisfaction ive shown you"
09JODSGxZqEhyoD0OX23Bs;"Big & Loud";"in those eye girl youve got me hypnotized i love you big and loud i"
09lgtisfbv0A7IdGAHGrOS;"ANGST II";"choosing the latter one and judas my"
09nSCeCs6eYfAIJVfye1CE;"Oye";"la razón te advierte el corazón traiciona wohohoh pero no hay invierno que sea para"
09nssae4OveYZLhXI1wYQX;"Genie in a Bottle";"the musics fading and the lights down low just one more dance and then"
09nxdcY2oYo57fJrG6CCCT;"Dragostea Din Tei - Original Romanian Version";"nu mă iei nu mă nu mă iei nu mă"
09oCOptpWAPyV0gqxBUCJr;"Champion";"i can live through this if i"
09Oj9xexrJ5N5hzMoOHgh5;"This Is The Shack";"this is how we act caps i peel flex"
09okoLt0vlZKhRVv6y8NVo;"Sun Is Shining - W&W Remix";"gonna be alright dry your tears and hold tight"
09OO7Q2aOnwUA1as7cgiaP;"In Da Club";"a hug if you into gettin rubbed rubbed my flow my show"
09oZ9eXQ2fo6YDrPzJqAoP;"Outta My Head (with John Mayer)";"cant get you outta my oohwoah oohwoah oohwoah oohwoah"
09PFYYJuXJ961Kp8ZIxxpx;"Point of No Return";"at the point of no"
09PGyODYYlVsL49N7TR914;"Pedro Navaja";"vista de esquina a esquina no se ve un"
09PTdECef2Uxix7ma0HCxs;"You Could Be Mine";"its nothin new to youcause i think weve seen that"
09pW7wXspkEkd8gjE93prk;"Rockstar (feat. DV8)";"different faces and we rock them"
09qIdioXLJPGXAM9zsy20v;"Aprovecha (feat. Daddy Yankee)";"química haga el trance quizás no habrá otro chance"
09QZAEmdbq28OaNyqTOEvY;"Icky Thump";"to mexico ahh well what a chump well my head got a bump when i"
09QZhXZMOAWdOvNFZnJwQ9;"Fre$h";"la bici todavía se están preguntando que hice what yeah todavía se están"
09s7AzC1vXpkIBS8xphJgP;"Come With Me";"world my girl so i i want to know if you really"
09TcIuH1ZO7i4vicWKoaN2;"Papaoutai";" où tes papaoutai où tes papaoutai où tes papaoutai"
09TZsMHXEtQkdmMJZPLKup;"UP THE SMOKE (with Offset)";"ice ice ice fuck my bro smash"
09wrW4mdaoBrOFY6KSR94h;"Heaven";"praise our shared destiny be sure"
09xGoSMPNhCqctq7x3HN5x;"Into You (feat. Tamia) - Radio Edit";"woulda traded it all in orderly fashion my villa in florida we"
09xGWzgSw8zp5oS1x5ogym;"Melaza";"arriba humilde ánimo como lo digo yoyo hey scooby doobie bulla en la casa"
09xnGXVrbniWV4mLTgGyD5;"Tus Ojos No Me Ven - feat. Joewell y Randy";"supieras como estoy sufriendo a él saber que ni siquiera tengo aunque"
09Y1WTdCYfvdJegsPte1A2;"Los Olores de Tu Alma";"no me tengas miedo amor"
09yhMTRqQ1I1dniu3PoIQi;"Don't Kill My High";"waves you saying that im so far"
09yLdUZdymzX8iocIUxem5;"Side To Side - Slushii Remix";"here all night baby ive been here all day been here all night baby"
09YXhYMYIHZBHVKGEQrSQF;"Return To Love";"it all to see the world that we make ill return to love and take"
0a4agFmqHXxcZl1nho1BxM;"Heart Of Glass - Special Mix";"of glass seemed like the real thing only to find much o mistrust"
0a4vQ58TiGl8Z77EEAvQCx;"Uncertain Smile - Original 7" Version 1982";"in but if the sweat pours out just shout ill try"
0A52Tcklg6nNjkCNFrHwyM;"Whipping Post";"the whipping post tied to the whipping post good lord"
0A5gdlrpAuQqZ2iFgnqBFW;"Moonlight";"your mood right shawty look good in"
0A5qqtFMG1qrNQEcjvr1A2;"Break the Rules";"school i just wanna break the rules boys and girls across the world putting"
0A7uLa2SqVK5s5Y2V3kCyW;"Good Looking";"en playa y por ahí anda fronteandote oye su cuerpo de sirena cogiendo sol"
0AA6zq5ArZ1sSH7VIMi4NK;"This Is Why I'm Hot";"how i record i gave em"
0AAl3LtvIhEilWXZmYHeh5;"More";"enamores more more pues toma pa que te enamores more more desde"
0aAVBcORefVNADGxgqh8XM;"Getaway";"youre my getaway tonight its getting dark lets light"
0abrjTBmZ4xiA3seMA4pTu;"Digging My Own Grave";"me darkness consuming tempting me"
0Acc8Z2mhTiU6ceB4DEyCt;"Los Angeles Times";"x to the z dont p la why test without vestes stop lead projectile"
0aCI9tg8Pb9l1uoOPk9R8n;"Love Like Mine";"find a love like mine you cant find"
0aCjE4cpIQxLQcaNAj1xgW;"Ronca";"yo ando cazando con el tonka eliel ronca yo ando cazando con el"
0AcLrSfAEBQcUnHOTm5pXg;"Get It On Tonite";"me we need to go somewhere yeah"
0AcmTuNAihP5wlws9eBwQc;"Boy I've Been Told";"i see a memory of how it used to be before our"
0ADG9OgdVTL7fgREP75BrZ;"Ain't My Fault";"you in trouble now see yourererere too irresistible yeah thats for sure so if"
0ADZ5dmXhlfzjMw6lefoPl;"Far Away";"one chance just one breath just in case theres just one left cause you"
0aEb1gDzaQMb53iXXoM7Lj;"The Kids Are Alright - Mono/Stereo Version";"got to get away and i know if i dont ill"
0Aergaee1PD3zbWcjxcUJl;"Shakin' Off The Rust";"bit walked through the fire made"
0aersVHlGGXcHeRvHtuaSt;"Dancing On Glass";"youd better believe i keep my reasons"
0afhq8XCExXpqazXczTSve;"Galway Girl";"i took her by the hand said baby i just want"
0AGh7lxZOWUhLL0FqrXHjX;"Free (feat. T-Jay)";"all i wanna be is me all i wanna be is free all i"
0AGJuICX9Uhne0ER96c4Rw;"Freak Like Me";"of our cages they cant tame us so if youre one of us get"
0aH8X88VkmMpDK6tGcwRd1;"Kisse Misse";"i love the way he kisses me"
0AHHDAHFRaT82UVw5fMr1R;"Vice Grip";"hope for the hopeless a light in a light in the"
0aHOXu219Z4MqEKwiKsddl;"Show Me Love";"belongs in your hand belongs with with me blanket on"
0AhRPDuVwHkLAACbPXidb3;"If I Lose Myself - Alesso vs OneRepublic";"to sea you can see your life out of the window tonight"
0aHWQ6E8E4YejHS1P3D8t6;"Rich Boy";"she dont love you she dont she dont love you watch from the"
0AhZNtpPVaC4TApU3H76nL;"Him Or Me - Edit Version";"him do you really want me do you really want him"
0AICBlLzFCTpUqmAbtzB2z;"Love Scars";"shawty this is not no scrimmage scrimmage swear that i did it did it i"
0AJ62x1CXjJf3VW25CeZXa;"Stairway To Heaven";"if the stores are all closed with a word she can get what she came"
0ak9xScGzG7JaA1BUlLb7S;"Severed";"to the landslide gonna leave you all severed gonna leave you all severed i alone"
0AKejOKlGdiB53QpwAeenO;"Don't Wanna Know";"way i used to love you oh i dont wanna know and every time"
0aKNU0pxAon4dXwjY4GreO;"Storm (feat. Kyra Mastro)";"come i feel it i feel it come i feel it i"
0aKoR2iMGuqAUBBCdRwII8;"Prettiest Virgin (Radio Edit)";"fly i wish you could"
0AkQbXGN4KG34TS7xLrM68;"Kiss You";"get this kind of rush baby say yeah yeah"
0akyEssGRVHstqCSWXusJL;"Fuentes de Ortiz";"salen yo pienso en ti mi amor qué"
0akznwBCaPCVAtiGblDtHt;"Cold Ain't For Me";"me i wish my worries would wash into the sea cause its far too"
0al9yd2pRDUY7GIYUnlxH3;"Schreibe mein Schicksal";"der wind was für teller"
0aLG42zaidNkblhiQgJknP;"WANT";"and soul 눈 떠 너의 소리를 들어봐 넌 뭘 원해 난 네가 몰랐던"
0alWUvsJHk83HVWCnyCG51;"Suave (Remix)";"na estoy convencido de que tú eres"
0amPDBn2wSRl0vRyWSLk5v;"The Bottle";"all mine the end of time youre"
0aMs9TzfoK8n8nRxatnNkQ;"Who's Got Your Love - Mike Williams Remix";"tonight got your love tonight who whos got your love tonight"
0aN6WpOVcTE8fmmZybZzc7;"Without Love";"love youll never catch me cryin"
0aO50JeAEI5ArPOPsD5lwi;"Conquista";"yo vi un día que estaba trotando en"
0aOluBqXYd0rFSCsgDyAWX;"Take Me to Church";"let me give you my life if im"
0Aqlt4N5h6rUtKnd09VXpr;"Grillz - Dirty";"tell em make me a grill smile for me daddy"
0AQqoPKwh92bCrR0Vr7gGs;"So Good (feat. Raekwon)";"i dont wanna go on i dont wanna be wrong"
0AQXOzjEG2ofwGrDyqUY7H;"Seppuku (feat. Suicideboy$ & Jgrxxn)";"do it yourself then its"
0arItEjl5jRh5FE7zyrv4A;"Belief - Acoustic";"never going to win the world were never going to stop"
0ARK753YaiJbpLUk7z5yIM;"Dilemma";"his twoseater now thats gangsta and i got special ways to"
0arymh4a4YsUaps34DfA7L;"When Can I See You";"when can i see you again yeah baby please hear what im sayin"
0atAqF01mqwYOOfXVHu51F;"Fortunate";"so glad youre in my world just as"
0atfY1ew83Ql9nNnJiD2t5;"Bonita";"bailándome cerquita se pone caliente"
0atWq5Ua1ax7zMKDjSQEpg;"Dag 1";"om det der hold dig fra det der"
0AtY4uFaYBIl6tAjONkk1Z;"Your Peace (feat. Lil Baby)";"never they couldnt take your place place woo please dont make me wait wait"
0aUP7s7O3m8xFnQ1Ju0xbZ;"Trouble";"you got me in trouble im"
0AUyNF6iFxMNQsNx2nhtrw;"Blood // Water";"theres blood in the water when theres blood in the water oh oh when theres"
0avEVorPMJyPPolMbeonBB;"A las Cosas por Su Nombre";"mi reino a festivales europeos"
0avSZqODpo898TKYgxxFvZ;"Shame";"get in that pussy and she cop a seven every friday chuck the deuces"
0Ax7dxc1Moc2DXsBhtntOu;"Higher (feat. Deronda K. Lewis)";"higher higher higher right of the ground you take me higher higher you take"
0AY6XbTfRSk9wpCIQTnwc0;"Light Up the Sky";"then believe me theyll understand"
0aY9d4Kgyv6mzWTW5gNzSO;"Too Late";"chained while youve been running free now youve been running free can i be"
0AyAhgf2sihNnGt1ymLhg2;"My Death";"about the passing time but whatever is behind the door there is nothing much"
0aZ4vyAeoDqsP0zNEECrx6;"All The Way";"take you all the way heyheyhey when i love someone im loving all the"
0azC730Exh71aQlOt9Zj3y;"This Is What You Came For";"oh oh you oh ooh you"
0aZPhHp1DVNVS5HAWzpUsM;"Everybody Wants To Rule The World - Extended Version";"had to fade it everybody wants to rule the world na i"
0b0v9MiKhNBbgxSYpMZTVg;"Riot Rhythm";"best friend shes ok carve you out start today rush"
0B1zVsLqmV9ibIFdNS5tGs;"I Saw the Light";"it anymore cant you see the light in my"
0B2RttXEiyXsMeQ7mMP3EI;"Cruel (feat. ZAYN)";"your dress off ive been by myself remembering you your body hurts"
0b49amLX2WGFwGNmq6xE82;"Love Is a Bitch";"myself not to slip back into old"
0b4KxqG2zGWDh3iH571a7D;"Mafo";"original tramadol extra kuro n be gbess mafo mafo ko si"
0b5w1gamS9f239Sms9guAB;"They Don't Know";"wont let you down youll see babe youll see it dont listen to what people"
0B6Y0XZfvH7T45Z70tIGjM;"Endless, a Silent Whisper";"feel the thrill from words we say i love you embrace so"
0B8B8cVRFIG1yznoQe7c9s;"Setting Fires";"wouldnt i do to save you what would"
0B8QzDH7YWih85V5SEMnyJ;"Money Longer";"she call me daddy smokin"
0B9mYgnAQ1MHmhnfHNuo45;"King Harvest (Has Surely Come) - Alternate Take/Remastered";"e thats where i should be am bb c g i will hear"
0b9oOr2ZgvyQu88wzixux9;"This Is America";"your money black man black man black man you just"
0b9tA3TNHCzfbTh9mGloNx;"Seele";"hab ich stress macht mein baby bambam bin gefallen doch ich lebe"
0B9tlo3EDwWazIPlyWpKAH;"Sincera";"la stessa sorte e sono sincero io dico"
0badUCyexkIKRDWbBV9pgc;"A Donde";"qu sabes t de mi placer qu"
0bAkKNCQfWkexHFn7fIKns;"In My Feelings";"yeah kiki do you love me are you"
0Bbd5inN2znpGQkxZbqmmU;"Backyard Boogie";"its west till i die"
0bbw6Es6hgs9ybUisecefK;"We Sink";"on come on lets go"
0BCHLiF9rkE4yk5yfoVDWH;"Falling Down";"nobody cares to hear them shout our world is"
0bCPJsVGDxPYwQMDZMi4NW;"Estamos Arriba";"puta se quieran trepar arriba ey ey ey ey ey ey trepar"
0BCPKOYdS2jbQ8iyB56Zns;"Clocks";"part of the cure or am i part of the disease singing you"
0bdabO15YOj0iZPg2OujAw;"Let The Beat Build";"momma cant tell em and"
0BdAvd736NPBMWs6ayzQ3C;"Karate";"me see just like karate bass a"
0BDH10wUP5k1Pwzw8GjbvB;"Dynamite - Original Mix";"melt melt oh oh oh oh oh oh oh"
0BEIdPXZsO2pprPwKfTVjy;"Rump Shaker";"but relaxin the action is"
0BenZn1xELuxhb7Pjwyjxv;"Hooka";"media hermana juana es loca e la cabeza juana baila"
0BfLvshnvJldGROufmYCrv;"Song For You";"lives ive seen im thankful for this cause youre my favorite place"
0bfvHnWWOeU1U5XeKyVLbW;"Can't Take My Eyes off You";"hold you so much at long"
0BG2iE6McPhmAEKIhfqy1X;"Bad Moon Rising";"your life theres a bad"
0BgbobvykXxEvxo2HhCuvM;"Banana Pancakes";"youre my little lady lady lady love"
0BHRbisnHAEU4DtPyyMJDO;"I Seen A Man Die";"but glad to be the mans"
0bHs3ly4Bv5BlzE3KrePfX;"Golden";"its golden livin my life like its golden golden im taking my own freedom"
0BhvzFxq3FHiMdGcLiTphr;"Make It Better (feat. Smokey Robinson)";"well it be nice add a lil spice try some new seduction you"
0bIaAG656Kq0JGmw3N1TeS;"One For the Money";"ready are you ready motherfuckers are"
0BiGd2FNDQ0eh79ZHfp6tS;"All I Wanna Do";"wanna do is make love to you ill"
0BiH40c8QEvMBQm3lrFpZ0;"Ni Un Fruto";"más más del macho que es bruto no sale niunfruto pero no voya callar no"
0bJDMivi2n8cfFHyafRmwb;"Let You Know - Nathan C Remix";"keep on coming back boy i let you know that"
0bJncTmVkKIzgKK5jNopV8;"Fly By Night";"know why this feeling inside me says its time"
0BJTbkmrB2Y4E9M8qVzbYZ;"Feel It All Around";"spite of all the things you"
0BJU4rYOfj43xHw6gvTIwE;"Hold Me Now";"just what im asking it for oh"
0bK3jxkbq5cDKWr68KtO8G;"Una y Otra Vez";"otra vez y otra vez y siento que estaría bien"
0Bk4P8WODpjxTzu4ry5PGQ;"LUNA";"everybody everybody throw your hands up open your eyes"
0bkUkbJ1nEalT9uPKFP3Vc;"Bienvenidos - Live";"ti el rock existirá ayúdanos a conectar sólo por ti el rock"
0BkvZes677Mcp5WVUQjRxD;"ZEZE (feat. Travis Scott & Offset)";"on the scene i was on a bean when i jumped"
0bl3loogtnE6ssdEGb9GCn;"I Heard It Through The Grapevine - Single Version";"love you more it took me by surprise i must say"
0blBnxZjYFjP1DsyAuBo1O;"Rxdical Forever";"i be on some new shit penny for your"
0BlcnJ36zeJTr1wn2OCYnt;"Deliriously Good";"were turning off the lights because id love every little bit of you"
0bleWpLne79d7vpP1cUC4p;"Afternoon";"all comes down to whether you love me anymore"
0BLR0gzwIbPJlI5y2BUGYZ;"Ghost - Lost Kings Remix";"in the body sleeping next to me my ghost whered you go what happened"
0bmB3nzQuHBfI6nM4SETVu;"Surrender";"walls make them fall make them all disappear if you hold me now"
0bMRpUsk1IWi5O2NIkWsqR;"Mayor Que Yo 3";"que yo 3 ft don omar wisin yandel  daddy"
0BMXB8USeC2zVufRWBcMuY;"Vete";"querer volver a estar a mi"
0BN9Ray5nJxg1hWhPTY3ka;"The High Road";"i the high road is hard to find a detour"
0BnTBAGmr9FtYwkZrwKhwS;"Just Us (feat. SZA)";"with us this kinda love dangerous when theres nothing else"
0BoL0e5lLRCOEdOs55YcIF;"Blood - Remix";"nunca he tenido una rich life pero he follado en un bentley gotea mi"
0BOm90PDLRJpTSqqd6z52E;"Sola";"nadie te ve como yo dime que no pasan las horas si estamos los"
0bORa4VpL8NzyMXEI6UFGK;"Long Road To Ruin";"road to ruin there in your eyes under the cold streetlights"
0bOwePluW3m4oMa9LR7kdy;"Is' mir egal";"gucken was noch so passiert blau patroulliert wir geben einen fick drauf elektrobike kickdown"
0BP7uJvIKL26tsRut1VZML;"Von unten nach oben";"der hood chilln friedenspfeife heiraten niemand geben rein jagen hotbox im"
0Bpi22ShKYtb49C9Bty7Ke;"The Bomb";"this thing is really on im sprung on you"
0Bpkq4z0VfjkO7kUME8gks;"Forever";"slow fuck no go for broke his cup"
0BPTTsnnfz44XmZn3EE0oo;"Song To The Siren (Remastered)";"i am here i am waiting to hold you"
0bqbHSWQShDF7sv8DFMcAA;"My Small Town";"you could get on line and all the neighbors waved"
0bqfNDZvqXB10fUKSfj6mY;"Tu Luz";"lo suficiente es hora ya de despertar para iniciar la busqueda"
0BqY7i5dFenEnkYGoK42Uv;"The Format";"bedstuy to the east im too at peace"
0bqz8PQRyKw8Uwi02NsV3q;"Beast";"have five seconds to terminate this tape five four three two"
0BrhmLM6npAnM6Nce5oZGQ;"Tell Me You Love Me - NOTD Remix";"got it bad baby i got it bad oh tell me you love"
0BryGBaXMKkNapnKtbJJnb;"Kannste ma sehn";"männer aus der hansestadt die was zu melden haben bonez und baba"
0brzJEyCEVzjAQsCgCqxqb;"Pretending (feat. Jessie Reyez)";"try to stop me dont stop til the liquors done i dont need pussy"
0Bs0hUYxz7REyIHH7tRhL2;"Helter Skelter - Remastered 2009";"fast but im miles above you tell"
0bs6tC9MHag57CQU3A0Im1;"The Reason (Sean Cook Remix)";"darkness into color youve opened up my eyes youre"
0bSr5pybJSlgG5OZH441gF;"Simply Irresistible";"money went simply irresistible shes all mine theres no other way to"
0BTAWeXFNhgAYixu5YGtE8;"Red";"말이야 너만은 너를 떠나지마 여긴 나 하나밖에 없다고 나 지금 변해"
0BTGqPIW9acmhhUmENkq5r;"If You Love Me";"it show it prove it say it do it show it prove"
0bTgregq5i4cNxbmQMOUm4;"Cool Blue";"for me and these days they"
0bTjMx79m5NMCsHDTyAwBY;"Already Dead";"and break me but you cant kill me cause im already"
0BTYL86ryKRHvAndNeoiuP;"Fly Like An Eagle";"til im free fly through the revolution tick tock tick doo doo"
0bVtevEgtDIeRjCJbK3Lmv;"Welcome To The Jungle";"its going to bring you"
0BWx2N8CosqHVKkofenY3R;"Want You Back";"want you back like a kiss on the face that the"
